{
  "time": {
    "sealed_score": 0.8157860206813128,
    "baseline": 0.05177132191636979,
    "sigma": 0.03736599272685286,
    "lift": 20.446792471162905,
    "shipped": true,
    "baseline_kind": "heuristic",
    "held_positives": 75,
    "held_rows": 56962,
    "dev_positives": 417,
    "dev_rows": 227845
  },
  "random": {
    "sealed_score": 0.6882376060766828,
    "baseline": 0.13269297731770974,
    "sigma": 0.043925133658414314,
    "lift": 12.64753416754949,
    "shipped": true,
    "baseline_kind": "heuristic",
    "held_positives": 98,
    "held_rows": 56962,
    "dev_positives": 394,
    "dev_rows": 227845
  }
}